project_id,sprint_velocity,scope_changes,team_load,on_time
1,294.38,331.9,281.94,1
2,268.16,146.69,197.52,0
3,433.83,17.03,283.49,0
4,370.03,346.35,200.09,1
5,243.53,155.88,328.2,0
6,410.18,362.08,32.57,1
7,276.87,243.04,15.34,0
8,224.33,184.58,464.25,1
9,14.14,99.49,350.4,0
10,342.45,94.97,203.58,0
11,395.29,423.51,214.35,1
12,355.9,190.59,312.56,1
13,481.43,307.96,253.65,1
14,363.62,204.77,75.07,0
15,15.6,291.64,487.21,0
16,464.48,11.21,54.56,0
17,413.04,64.17,224.96,0
18,344.04,152.9,460.88,1
19,369.58,18.26,458.84,1
20,43.42,230.98,255.89,0
21,18.92,262.51,50.19,0
22,273.47,241.94,415.78,1
23,451.91,117.73,331.61,1
24,363.36,129.35,126.63,0
25,448.62,132.26,164.75,0
26,153.79,392.34,424.64,1
27,240.23,174.83,59.53,0
28,150.45,311.56,41.45,0
29,278.99,163.97,164.85,0
30,433.33,483.42,149.38,1
31,268.68,85.05,40.4,0
32,383.8,214.28,438.32,1
33,460.23,280.92,57.88,1
34,229.7,488.29,475.6,1
35,262.26,166.82,125.13,0
36,279.35,97.4,347.45,0
37,245.98,40.22,285.11,0
38,424.73,55.43,351.63,1
39,265.37,483.05,455.34,1
40,120.08,386.22,107.58,0
41,245.36,57.68,382.14,0
42,66.52,395.43,375.9,1
43,276.46,453.85,318.83,1
44,263.79,394.89,75.8,0
45,423.82,139.04,433.57,1
46,153.7,338.3,427.98,1
47,412.05,59.33,88.76,0
48,91.26,208.01,248.96,0
49,226.83,212.37,33.61,0
50,416.94,30.81,78.94,0
51,174.84,125.93,177.1,0
52,228.5,456.33,359.67,1
53,372.61,470.9,295.05,1
54,351.08,106.06,430.43,1
55,44.76,229.11,15.73,0
56,77.99,180.44,480.16,0
57,73.24,205.15,261.71,0
58,294.44,335.2,230.25,1
59,256.33,258.29,498.05,1
60,456.91,465.65,322.44,1
61,107.21,369.22,265.34,0
62,430.54,132.61,180.81,0
63,420.36,485.87,170.99,1
64,313.79,273.21,18.4,0
65,170.74,31.43,75.21,0
66,328.97,106.5,148.76,0
67,380.98,243.15,408.05,1
68,258.76,23.26,266.34,0
69,66.23,457.77,359.58,1
70,322.91,145.54,314.0,0
71,370.25,131.21,497.57,1
72,140.75,44.53,209.59,0
73,278.13,207.86,144.12,0
74,497.96,488.15,189.75,1
75,301.4,439.66,43.95,0
76,97.43,461.88,231.2,0
77,104.25,287.17,452.16,1
78,86.6,380.0,439.34,1
79,351.59,275.89,110.75,0
80,398.58,36.45,471.99,1
81,401.19,420.43,310.49,1
82,74.12,354.45,96.65,0
83,299.24,39.83,446.94,0
84,284.89,319.52,19.41,0
85,36.58,328.52,462.08,1
86,104.83,130.92,452.18,0
87,225.56,174.91,285.35,0
88,100.74,124.81,227.46,0
89,322.53,301.3,336.18,1
90,261.19,100.58,459.91,1
91,201.63,112.14,100.3,0
92,464.03,306.75,79.93,1
93,13.56,244.24,439.08,0
94,437.76,384.42,229.52,1
95,23.01,213.66,372.31,0
96,201.01,341.87,267.12,1
97,165.9,231.46,81.65,0
98,451.62,24.7,281.9,0
99,405.05,216.61,411.03,1
100,224.75,12.62,335.95,0
101,35.44,145.82,160.12,0
102,431.51,79.47,196.64,0
103,367.33,476.09,45.69,1
104,203.86,435.55,208.14,1
105,80.95,88.54,401.25,0
106,288.16,352.93,497.04,1
107,426.78,326.31,442.77,1
108,162.67,205.94,420.26,0
109,208.6,470.51,432.29,1
110,378.3,330.79,444.36,1
111,95.55,248.59,371.15,0
112,376.11,491.23,473.79,1
113,451.49,360.45,468.97,1
114,256.57,334.66,204.68,0
115,329.28,344.74,292.91,1
116,327.72,454.36,263.04,1
117,282.34,263.4,462.91,1
118,304.1,84.56,455.29,1
119,379.5,254.97,143.02,0
120,185.04,57.05,24.92,0
121,387.62,475.44,200.8,1
122,244.39,71.74,162.6,0
123,406.96,18.9,144.67,0
124,155.49,409.17,84.97,0
125,155.3,219.38,127.94,0
126,168.18,22.31,190.96,0
127,343.0,368.44,471.32,1
128,197.17,293.02,423.36,1
129,212.42,320.05,348.6,1
130,80.49,10.76,122.89,0
131,46.82,382.91,352.99,0
132,252.96,459.05,288.96,1
133,43.03,77.86,387.4,0
134,245.2,303.0,26.66,0
135,315.33,177.01,202.79,0
136,191.33,411.87,183.97,0
137,349.09,386.93,418.34,1
138,21.69,380.27,395.96,1
139,130.64,361.06,116.42,0
140,282.77,70.89,220.76,0
141,221.12,349.45,473.09,1
142,12.64,386.51,471.19,1
143,29.37,392.25,239.8,0
144,306.34,406.78,163.69,1
145,439.99,434.46,46.97,1
146,34.32,17.08,305.15,0
147,353.04,426.98,496.74,1
148,275.2,180.82,280.51,0
149,419.83,254.14,91.49,0
150,52.68,229.02,173.81,0
151,68.47,68.73,352.81,0
152,422.7,289.92,273.95,1
153,111.8,133.35,344.89,0
154,177.59,40.39,61.82,0
155,17.56,264.82,176.98,0
156,346.07,385.19,179.63,1
157,55.87,160.32,309.57,0
158,160.65,467.24,430.7,1
159,125.27,289.59,304.11,0
160,106.9,173.59,222.4,0
161,497.98,241.75,41.82,0
162,416.88,381.05,497.33,1
163,417.22,171.85,22.35,0
164,242.86,290.38,285.34,1
165,465.12,262.17,63.24,0
166,488.73,350.16,184.43,1
167,257.88,58.84,469.37,0
168,213.53,414.74,247.09,1
169,301.8,453.48,233.32,1
170,363.13,117.52,208.09,0
171,318.65,433.35,486.16,1
172,168.05,60.82,65.77,0
173,354.07,54.54,122.61,0
174,107.2,404.02,101.48,0
175,480.71,235.55,75.82,0
176,230.95,216.27,340.89,0
177,205.77,78.32,41.25,0
178,106.0,457.66,313.32,1
179,176.95,83.27,78.71,0
180,17.7,439.07,440.49,1
181,270.91,467.31,323.81,1
182,49.97,415.24,152.12,0
183,262.44,42.48,422.05,0
184,241.32,364.61,189.25,0
185,64.56,464.23,401.84,1
186,335.9,142.61,448.62,1
187,457.12,332.4,224.1,1
188,22.31,480.66,165.73,0
189,362.36,155.74,492.66,1
190,48.46,50.46,363.42,0
191,72.92,113.72,474.09,0
192,471.58,362.78,374.94,1
193,443.75,74.19,74.82,0
194,450.48,271.0,272.06,1
195,291.98,76.29,75.79,0
196,42.39,301.01,253.11,0
197,242.84,496.66,143.38,1
198,401.79,80.68,290.46,0
199,66.81,486.54,111.24,0
200,370.03,78.22,145.58,0
201,27.76,70.34,432.76,0
202,253.63,235.69,446.26,1
203,264.59,429.91,348.97,1
204,477.2,274.18,252.77,1
205,335.96,62.59,299.56,0
206,414.72,184.3,379.94,1
207,319.55,351.68,481.57,1
208,418.69,418.36,290.87,1
209,155.35,21.87,128.34,0
210,364.77,24.63,132.48,0
211,257.27,377.55,434.67,1
212,297.73,148.09,479.99,1
213,240.68,255.84,53.54,0
214,429.45,55.0,365.43,1
215,228.92,467.35,147.3,1
216,242.86,105.61,253.99,0
217,182.92,98.82,72.52,0
218,188.78,161.67,352.04,0
219,262.83,124.53,356.82,0
220,159.07,71.75,414.87,0
221,128.44,489.39,413.13,1
222,224.01,495.67,86.48,1
223,67.17,114.64,419.29,0
224,204.99,333.37,434.71,1
225,28.19,479.59,286.61,0
226,444.24,122.57,248.75,1
227,75.82,497.52,252.89,1
228,469.46,275.38,124.93,1
229,210.42,420.66,270.41,1
230,406.64,370.11,88.6,1
231,110.41,49.92,451.71,0
232,20.15,389.56,19.79,0
233,67.84,117.11,155.94,0
234,383.01,354.68,57.63,0
235,383.84,450.2,388.74,1
236,420.64,237.45,196.01,1
237,247.21,426.06,150.45,1
238,354.33,335.09,417.24,1
239,237.28,97.79,402.29,0
240,266.29,256.82,264.61,0
241,325.02,481.94,262.19,1
242,326.01,224.65,211.99,0
243,329.19,353.52,334.27,1
244,147.13,235.75,295.7,0
245,29.84,153.42,33.02,0
246,368.25,434.95,20.66,1
247,32.3,137.54,369.29,0
248,407.75,388.28,414.19,1
249,353.21,200.87,43.82,0
250,31.29,408.15,233.97,0
251,489.48,381.02,339.77,1
252,396.46,379.96,464.58,1
253,294.28,277.76,367.87,1
254,431.08,279.73,86.48,0
255,93.23,23.44,64.9,0
256,174.91,228.64,345.08,0
257,166.95,95.06,82.53,0
258,413.75,247.4,212.82,1
259,315.07,152.27,463.14,1
260,434.74,198.09,397.78,1
261,70.38,400.64,99.53,0
262,261.5,318.53,381.26,1
263,488.61,386.72,80.89,1
264,344.97,462.35,191.74,1
265,436.5,179.89,382.1,1
266,132.2,179.05,351.11,0
267,457.24,383.2,76.65,1
268,17.08,92.72,110.98,0
269,306.39,89.27,453.33,1
270,441.67,16.53,134.26,0
271,425.47,449.74,264.87,1
272,319.04,74.99,166.39,0
273,229.76,336.53,332.56,1
274,236.42,92.77,42.24,0
275,136.23,344.9,341.53,1
276,188.88,387.18,308.8,1
277,59.89,440.01,493.34,1
278,249.75,49.15,65.23,0
279,440.79,107.56,409.93,1
280,341.27,387.64,358.68,1
281,202.33,476.29,141.62,1
282,129.94,314.7,351.34,0
283,478.7,247.81,308.68,1
284,137.1,426.06,336.4,1
285,313.26,254.55,32.07,0
286,156.75,260.62,11.49,0
287,269.39,337.24,84.66,0
288,102.9,365.96,404.01,1
289,307.08,472.9,309.71,1
290,416.12,204.16,248.84,1
291,303.54,72.67,382.09,0
292,418.29,247.44,82.86,0
293,338.56,381.48,105.53,1
294,296.33,94.22,439.78,1
295,438.46,62.13,76.2,0
296,138.82,289.52,300.58,0
297,149.46,424.77,138.4,0
298,66.77,174.8,272.33,0
299,156.13,177.76,180.56,0
300,203.45,374.1,258.43,1
301,208.12,493.98,33.96,0
302,130.78,39.16,462.15,0
303,267.33,58.83,97.75,0
304,330.67,337.9,210.84,1
305,462.1,400.54,317.13,1
306,389.68,254.79,426.61,1
307,112.13,130.82,154.93,0
308,179.14,108.72,432.71,0
309,381.42,93.6,417.63,1
310,439.72,42.72,178.83,0
311,487.25,439.31,247.25,1
312,495.56,256.8,358.45,1
313,378.61,277.83,93.17,0
314,489.52,435.5,107.04,1
315,147.33,89.8,185.64,0
316,194.73,223.2,331.48,0
317,334.72,202.08,435.92,1
318,69.93,154.31,290.8,0
319,211.4,250.92,437.12,1
320,479.88,384.8,203.83,1
321,21.69,357.85,336.76,0
322,11.05,427.35,68.46,0
323,472.97,443.82,130.25,1
324,27.87,292.75,78.37,0
325,141.24,208.74,264.0,0
326,21.83,263.23,187.72,0
327,459.82,313.9,86.18,1
328,139.73,260.41,78.65,0
329,388.85,368.29,48.32,1
330,439.86,411.64,145.12,1
331,191.41,251.71,118.97,0
332,434.48,118.49,401.38,1
333,128.02,127.76,67.97,0
334,210.25,265.6,178.76,0
335,447.0,63.6,250.24,0
336,478.74,331.11,279.78,1
337,48.56,212.05,332.97,0
338,410.01,238.26,254.02,1
339,475.77,34.5,315.83,1
340,472.64,150.97,121.87,0
341,53.43,324.13,90.02,0
342,267.64,385.71,397.06,1
343,112.67,337.35,167.29,0
344,324.05,335.5,464.82,1
345,438.38,71.75,429.89,1
346,440.24,197.43,335.97,1
347,245.32,21.27,341.09,0
348,245.95,391.67,79.99,0
349,495.45,89.79,352.94,1
350,315.98,349.1,349.1,1
351,288.24,378.5,18.72,0
352,457.78,104.56,393.33,1
353,122.27,223.96,357.62,0
354,391.74,187.97,266.38,1
355,73.29,245.79,395.36,0
356,344.48,57.97,234.61,0
357,193.87,414.93,77.19,0
358,482.73,301.35,425.43,1
359,267.18,239.22,346.04,1
360,107.79,446.54,191.54,0
361,477.56,383.77,231.61,1
362,492.0,485.68,188.78,1
363,241.81,446.29,27.93,0
364,221.71,124.12,157.97,0
365,19.94,260.11,339.88,0
366,245.98,29.12,132.86,0
367,81.88,366.41,238.46,0
368,414.22,220.4,92.47,0
369,285.71,216.96,230.48,0
370,164.66,207.32,219.43,0
371,485.0,314.0,491.01,1
372,435.53,145.05,113.33,0
373,452.43,257.92,129.53,1
374,76.21,23.41,148.18,0
375,347.9,468.16,214.45,1
376,414.23,368.82,70.2,1
377,243.55,330.23,161.0,0
378,198.84,28.53,215.67,0
379,393.2,186.22,78.8,0
380,399.44,241.46,201.18,1
381,414.68,227.79,42.23,0
382,149.37,104.03,499.67,0
383,126.35,90.46,98.19,0
384,388.6,414.56,326.36,1
385,268.22,234.46,242.02,0
386,208.99,154.12,114.77,0
387,339.58,486.24,349.54,1
388,53.4,274.25,244.14,0
389,149.5,275.43,102.43,0
390,251.19,378.02,400.57,1
391,369.63,230.39,34.48,0
392,147.57,284.5,62.73,0
393,91.48,368.12,69.63,0
394,414.34,214.51,475.98,1
395,269.19,113.92,140.65,0
396,405.24,428.01,333.65,1
397,226.26,360.41,203.78,0
398,45.47,57.64,105.15,0
399,115.14,236.07,361.49,0
400,221.45,475.51,458.37,1
401,111.07,249.33,459.38,1
402,264.58,348.65,435.85,1
403,182.28,427.62,399.03,1
404,278.96,485.37,92.48,1
405,466.07,17.47,115.43,0
406,127.67,12.54,212.35,0
407,315.35,344.33,381.01,1
408,363.58,380.95,111.03,1
409,394.27,302.13,307.39,1
410,266.81,279.22,28.99,0
411,139.34,454.72,419.64,1
412,446.42,424.37,153.03,1
413,219.79,63.93,242.44,0
414,81.15,258.57,434.11,0
415,341.56,355.96,155.7,1
416,249.16,440.27,16.48,0
417,126.17,52.07,193.17,0
418,54.04,399.46,258.62,0
419,497.02,145.23,78.31,0
420,85.42,326.76,334.13,0
421,34.2,478.06,145.24,0
422,267.98,149.09,186.67,0
423,325.68,382.66,235.92,1
424,346.7,422.8,80.72,1
425,342.74,132.69,418.08,1
426,475.39,333.59,307.13,1
427,424.03,90.9,392.48,1
428,116.1,18.82,35.43,0
429,63.39,400.97,224.49,0
430,23.78,134.03,365.11,0
431,73.84,359.78,380.93,1
432,305.31,230.0,61.91,0
433,441.42,23.96,268.12,0
434,10.94,52.8,24.43,0
435,387.34,407.44,352.83,1
436,206.24,271.61,391.3,1
437,480.87,137.71,454.15,1
438,157.26,330.98,174.96,0
439,166.04,246.1,292.9,0
440,144.87,91.14,486.88,0
441,63.81,466.19,408.81,1
442,158.0,103.14,425.53,0
443,345.75,78.72,113.47,0
444,435.31,397.5,110.06,1
445,66.79,137.88,42.96,0
446,388.5,104.61,65.91,0
447,213.44,46.22,174.07,0
448,187.18,111.07,146.68,0
449,220.62,200.14,171.81,0
450,101.21,83.92,381.9,0
451,296.54,340.96,89.35,0
452,196.8,141.12,278.84,0
453,80.44,208.47,471.33,0
454,168.46,475.94,296.09,1
455,218.54,220.63,218.67,0
456,134.68,132.68,341.37,0
457,394.23,417.39,140.52,1
458,80.4,340.73,370.8,0
459,452.84,173.3,356.75,1
460,66.9,243.46,105.88,0
461,345.08,463.04,164.93,1
462,304.49,406.5,379.46,1
463,56.11,263.54,345.83,0
464,298.33,119.73,89.51,0
465,339.3,235.66,452.13,1
466,211.22,369.58,288.4,1
467,49.54,179.31,341.58,0
468,47.02,309.73,351.06,0
469,248.06,230.82,115.04,0
470,160.94,102.69,498.38,0
471,177.04,451.65,147.68,0
472,243.12,460.88,426.17,1
473,260.33,83.07,356.67,0
474,433.31,208.09,78.94,0
475,195.3,497.96,215.64,1
476,308.53,372.32,13.14,0
477,486.58,263.74,491.06,1
478,238.62,41.07,266.04,0
479,461.85,288.85,150.44,1
480,156.74,363.69,261.18,0
481,378.65,386.83,448.35,1
482,46.86,484.46,487.45,1
483,429.93,332.81,422.79,1
484,71.22,78.23,110.26,0
485,348.77,358.52,191.42,1
486,188.59,241.68,254.88,0
487,247.41,73.24,462.77,0
488,167.29,47.52,400.97,0
489,99.75,412.92,428.58,1
490,434.94,169.72,360.83,1
491,225.12,451.88,21.73,0
492,225.65,333.1,255.29,1
493,84.63,355.08,34.4,0
494,40.44,492.68,143.56,0
495,464.91,115.89,70.23,0
496,60.95,448.93,355.79,1
497,469.07,79.45,70.57,0
498,20.64,291.64,30.31,0
499,157.17,119.98,56.05,0
500,266.33,490.87,242.12,1
501,424.03,280.91,113.77,1
502,457.84,275.81,452.16,1
503,59.96,466.83,92.11,0
504,498.25,179.56,382.64,1
505,22.58,110.26,94.81,0
506,320.86,267.96,16.83,0
507,33.46,430.02,329.01,0
508,34.32,80.66,385.23,0
509,22.39,298.75,329.01,0
510,374.12,83.92,278.93,0
511,480.83,258.41,19.26,0
512,442.84,459.32,449.2,1
513,387.42,214.87,62.8,0
514,15.33,132.49,156.91,0
515,117.96,89.7,360.92,0
516,123.38,99.28,74.56,0
517,457.06,232.99,371.01,1
518,265.61,233.86,45.8,0
519,243.64,494.41,357.37,1
520,263.49,85.0,353.22,0
521,190.91,237.55,474.2,1
522,185.67,290.9,78.49,0
523,377.26,467.82,329.57,1
524,114.09,65.1,209.59,0
525,317.58,415.3,115.29,1
526,399.07,304.39,227.14,1
527,271.14,359.01,127.11,0
528,75.13,237.92,417.14,0
529,399.24,111.42,133.64,0
530,187.9,72.41,400.04,0
531,355.09,56.57,405.51,1
532,151.21,329.12,401.66,1
533,51.66,213.12,66.18,0
534,392.71,326.01,231.25,1
535,196.27,460.25,197.21,1
536,205.5,244.36,444.92,1
537,72.01,87.42,466.41,0
538,75.36,288.31,70.05,0
539,161.62,287.69,292.76,0
540,119.87,430.87,498.2,1
541,259.2,226.43,129.84,0
542,41.44,331.54,34.08,0
543,296.33,288.85,308.94,1
544,461.23,422.95,423.68,1
545,319.33,10.59,287.24,0
546,463.14,181.46,176.97,1
547,246.22,251.37,426.4,1
548,58.04,85.2,243.96,0
549,385.9,466.21,238.18,1
550,485.78,246.59,207.48,1
551,65.07,36.57,86.25,0
552,157.46,486.94,326.41,1
553,285.61,425.69,425.84,1
554,499.29,493.64,116.83,1
555,355.05,495.01,423.05,1
556,226.75,230.16,262.47,0
557,66.66,370.96,271.41,0
558,177.41,262.55,268.97,0
559,290.5,477.64,323.68,1
560,191.79,69.13,461.8,0
561,52.43,155.44,486.18,0
562,122.51,118.87,131.88,0
563,391.81,16.34,45.31,0
564,489.62,444.92,315.25,1
565,347.31,267.25,264.7,1
566,224.17,180.74,151.71,0
567,494.79,103.95,431.99,1
568,425.82,474.31,334.67,1
569,371.88,411.7,485.55,1
570,472.62,151.22,111.07,0
571,40.73,136.8,87.34,0
572,25.58,12.79,373.62,0
573,177.39,439.36,327.21,1
574,209.16,356.6,493.12,1
575,99.45,110.95,226.14,0
576,396.11,157.95,158.72,0
577,58.71,296.89,282.6,0
578,426.63,382.17,414.09,1
579,233.94,274.02,448.1,1
580,87.5,242.48,482.25,1
581,256.77,323.47,292.86,1
582,22.67,231.51,266.94,0
583,490.25,27.01,480.98,1
584,24.03,469.97,17.15,0
585,408.4,341.35,261.12,1
586,404.7,425.09,464.58,1
587,394.02,313.98,120.02,1
588,157.72,117.49,160.11,0
589,356.84,207.37,344.88,1
590,35.61,59.81,182.57,0
591,421.47,215.48,57.36,0
592,24.68,319.69,476.16,1
593,171.36,374.02,56.23,0
594,11.14,136.16,285.6,0
595,423.41,94.52,55.28,0
596,366.53,71.26,23.02,0
597,398.96,408.08,499.78,1
598,256.28,32.39,128.67,0
599,244.0,161.14,374.39,0
600,318.24,226.16,491.57,1
601,277.11,87.04,92.1,0
602,417.33,489.42,145.53,1
603,464.92,315.11,487.21,1
604,217.77,144.22,310.62,0
605,416.61,281.83,23.54,0
606,338.36,115.35,199.96,0
607,493.73,215.39,341.17,1
608,270.42,220.43,72.59,0
609,338.52,228.4,109.86,0
610,405.14,13.45,283.22,0
611,366.46,424.62,343.67,1
612,260.17,107.7,158.06,0
613,273.72,117.64,392.29,0
614,44.95,210.26,247.63,0
615,477.65,456.19,488.01,1
616,379.89,280.63,177.66,1
617,81.65,341.47,88.07,0
618,237.7,424.54,196.16,1
619,355.43,159.89,315.81,1
620,115.04,255.33,337.36,0
621,236.85,412.76,252.72,1
622,335.96,455.94,271.89,1
623,53.99,387.29,169.43,0
624,412.29,298.79,394.95,1
625,403.94,64.1,127.85,0
626,55.84,126.94,44.32,0
627,418.63,53.55,365.39,1
628,325.88,71.67,456.62,1
629,111.28,215.31,438.69,0
630,259.03,472.33,314.97,1
631,120.91,431.26,297.36,1
632,477.51,118.39,382.95,1
633,376.9,120.87,49.26,0
634,253.63,348.1,263.04,1
635,36.92,177.82,49.51,0
636,325.46,38.91,177.43,0
637,209.49,104.07,149.7,0
638,133.01,178.78,397.16,0
639,99.51,417.21,433.85,1
640,69.57,101.75,87.38,0
641,487.31,169.36,470.82,1
642,39.43,341.09,291.41,0
643,207.37,103.82,371.36,0
644,275.77,416.52,57.96,0
645,350.8,408.27,422.15,1
646,275.7,291.71,468.67,1
647,359.5,484.0,439.58,1
648,22.72,264.54,60.42,0
649,112.38,150.06,434.05,0
650,333.45,430.56,194.63,1
651,360.01,66.09,381.49,1
652,113.69,222.9,448.6,0
653,306.49,329.25,418.23,1
654,295.86,204.84,105.02,0
655,55.02,159.88,190.25,0
656,138.21,420.52,282.63,1
657,171.45,413.31,277.61,1
658,34.7,193.02,304.62,0
659,339.06,17.84,107.87,0
660,35.16,312.72,236.61,0
661,191.2,409.43,261.9,1
662,212.52,48.44,166.54,0
663,217.99,231.04,149.31,0
664,109.52,175.13,197.81,0
665,314.55,444.77,125.94,1
666,344.52,101.19,317.15,0
667,251.44,420.49,452.34,1
668,433.9,12.5,495.79,1
669,47.72,70.18,372.33,0
670,469.2,414.75,257.76,1
671,328.23,254.88,179.69,0
672,445.42,491.36,249.15,1
673,82.94,102.77,401.74,0
674,83.27,157.32,276.42,0
675,244.95,375.06,490.22,1
676,67.9,161.93,206.05,0
677,39.47,178.68,156.87,0
678,82.68,170.12,243.99,0
679,345.15,162.07,40.12,0
680,399.44,416.95,30.43,1
681,164.2,71.04,240.11,0
682,372.29,33.34,119.8,0
683,156.48,294.48,260.19,0
684,182.5,426.46,117.22,0
685,451.8,360.72,168.71,1
686,477.78,166.12,370.59,1
687,140.28,158.85,118.84,0
688,165.01,306.47,348.86,1
689,282.56,245.75,174.31,0
690,202.57,82.04,76.43,0
691,250.14,460.06,479.88,1
692,456.67,174.68,70.9,0
693,326.9,347.14,390.09,1
694,443.99,318.24,87.08,1
695,319.89,265.37,22.69,0
696,214.6,397.39,433.77,1
697,208.13,213.49,271.81,0
698,468.19,324.08,386.93,1
699,215.9,324.77,342.54,1
700,95.7,236.49,180.51,0
701,459.39,442.64,244.85,1
702,490.95,179.01,167.99,1
703,21.08,281.65,208.96,0
704,58.65,368.3,93.51,0
705,354.04,133.99,319.99,1
706,454.91,209.25,321.39,1
707,203.1,247.77,213.45,0
708,307.96,239.22,260.92,1
709,27.94,229.2,147.94,0
710,273.05,470.04,36.78,0
711,22.59,204.99,92.76,0
712,424.87,231.58,26.85,0
713,436.49,409.31,103.26,1
714,90.82,232.42,337.43,0
715,281.98,390.5,380.01,1
716,44.97,487.9,247.9,0
717,199.33,132.84,356.8,0
718,138.56,52.04,55.21,0
719,478.58,78.75,92.67,0
720,30.13,445.57,209.05,0
721,360.32,310.39,349.46,1
722,158.41,311.65,492.66,1
723,278.87,148.48,118.05,0
724,66.92,313.19,386.33,0
725,487.43,348.06,489.23,1
726,362.14,223.52,12.06,0
727,296.0,330.34,444.71,1
728,293.64,317.24,48.45,0
729,129.09,101.95,478.19,0
730,416.49,114.35,429.75,1
731,161.73,193.71,166.48,0
732,104.85,407.43,229.33,0
733,257.46,49.14,277.88,0
734,328.21,224.79,246.36,1
735,354.06,340.08,21.89,0
736,275.76,355.55,268.53,1
737,439.93,50.29,128.3,0
738,92.01,245.24,371.87,0
739,318.65,20.65,37.7,0
740,497.79,39.06,171.77,0
741,166.99,130.7,468.27,0
742,35.53,154.36,333.61,0
743,414.16,41.24,98.82,0
744,453.32,230.04,130.45,1
745,461.51,36.56,287.78,0
746,67.23,313.94,49.23,0
747,326.87,19.91,24.4,0
748,195.59,60.26,451.77,0
749,489.17,270.13,208.95,1
750,130.13,279.83,302.12,0
751,165.64,136.0,108.94,0
752,399.44,145.29,271.31,1
753,465.71,78.6,370.08,1
754,214.4,151.58,255.1,0
755,163.71,215.33,97.09,0
756,90.8,279.23,363.94,0
757,463.89,400.5,56.43,1
758,413.48,36.88,499.4,1
759,46.88,296.71,147.23,0
760,267.5,134.91,97.32,0
761,417.36,351.46,430.84,1
762,97.57,309.61,191.55,0
763,350.67,42.52,142.81,0
764,499.21,387.98,217.27,1
765,103.68,168.76,367.23,0
766,236.71,462.57,157.98,1
767,114.05,443.84,151.79,0
768,201.66,217.66,312.57,0
769,385.56,308.58,85.32,0
770,14.92,225.59,193.01,0
771,474.77,229.39,174.59,1
772,311.09,67.27,459.4,1
773,412.53,15.8,47.35,0
774,311.93,102.61,332.11,0
775,308.25,188.01,415.32,1
776,249.57,377.95,333.97,1
777,36.36,103.38,143.74,0
778,137.93,154.93,453.38,0
779,49.55,268.73,189.49,0
780,446.93,278.69,269.29,1
781,379.18,354.02,452.16,1
782,265.52,242.31,245.26,0
783,210.21,42.83,64.69,0
784,216.5,231.29,217.27,0
785,113.35,257.64,393.78,0
786,192.98,239.27,370.73,1
787,343.07,423.98,498.2,1
788,23.72,252.77,308.43,0
789,363.76,437.73,499.64,1
790,307.01,374.72,109.0,0
791,367.53,126.87,232.42,0
792,109.53,297.97,378.97,0
793,436.46,291.29,468.17,1
794,185.94,192.69,140.01,0
795,106.7,380.38,478.14,1
796,247.86,308.21,244.1,1
797,319.75,222.97,93.07,0
798,407.82,59.69,191.6,0
799,137.77,347.01,127.95,0
800,317.3,433.07,482.41,1
801,78.54,318.93,177.87,0
802,334.68,75.17,336.86,0
803,204.23,432.91,131.34,0
804,314.24,10.33,244.0,0
805,259.28,266.76,472.66,1
806,319.27,475.27,282.29,1
807,339.94,65.4,355.26,0
808,496.68,82.07,498.39,1
809,220.95,363.5,133.29,0
810,314.66,27.3,346.62,0
811,255.34,358.17,90.39,0
812,215.71,385.54,321.56,1
813,320.28,456.59,452.99,1
814,412.42,480.8,97.67,1
815,283.02,314.36,399.13,1
816,71.95,378.52,108.91,0
817,172.56,309.29,214.14,0
818,471.27,101.41,210.58,0
819,394.03,358.22,237.13,1
820,452.81,402.62,50.9,1
821,68.55,111.42,319.86,0
822,108.8,100.01,192.16,0
823,42.6,337.41,69.1,0
824,124.65,81.76,464.67,0
825,171.44,311.77,178.76,0
826,409.08,16.27,33.65,0
827,158.15,284.8,246.37,0
828,187.71,90.53,315.05,0
829,324.11,480.66,347.62,1
830,44.02,201.79,238.0,0
831,27.48,439.87,388.87,1
832,431.93,216.37,14.56,0
833,292.87,313.42,489.32,1
834,96.36,70.29,411.65,0
835,110.92,226.83,274.33,0
836,119.85,355.44,196.36,0
837,225.94,405.17,274.25,1
838,394.76,77.11,374.34,1
839,442.49,240.12,420.92,1
840,434.38,491.22,469.49,1
841,12.6,457.97,437.64,1
842,187.69,328.27,379.74,1
843,384.42,460.56,398.94,1
844,216.4,175.45,12.91,0
845,256.67,130.76,451.78,1
846,438.31,149.8,71.12,0
847,134.53,171.11,194.22,0
848,333.6,201.93,180.41,0
849,354.79,253.54,412.52,1
850,163.93,438.22,483.24,1
851,28.87,416.79,359.26,1
852,424.13,453.12,176.88,1
853,180.16,205.92,488.75,1
854,265.74,201.59,247.64,0
855,199.28,104.74,54.44,0
856,430.55,151.2,270.59,1
857,66.91,384.77,80.82,0
858,341.16,204.9,86.64,0
859,293.55,98.01,389.23,0
860,285.74,116.62,47.53,0
861,300.5,477.99,313.21,1
862,52.44,183.9,46.04,0
863,442.76,77.34,37.37,0
864,69.58,337.66,492.91,1
865,410.81,236.12,187.58,1
866,87.33,239.44,63.08,0
867,221.25,187.11,38.29,0
868,262.6,295.83,373.26,1
869,53.38,300.24,450.01,1
870,74.03,77.09,241.17,0
871,143.72,148.2,171.99,0
872,168.75,310.13,361.02,1
873,409.16,409.72,397.51,1
874,326.52,410.1,65.24,1
875,310.82,418.75,243.07,1
876,224.56,316.2,196.31,0
877,147.21,11.37,106.91,0
878,111.62,304.95,236.37,0
879,403.19,38.17,379.98,1
880,494.71,261.34,181.38,1
881,123.78,305.93,482.06,1
882,121.9,234.87,17.68,0
883,132.76,54.09,219.92,0
884,365.05,469.75,268.0,1
885,272.78,303.54,472.35,1
886,309.27,250.47,102.87,0
887,69.6,26.67,388.08,0
888,206.43,138.41,279.13,0
889,305.67,75.94,220.99,0
890,469.4,194.26,242.07,1
891,363.38,277.59,272.73,1
892,146.7,54.33,318.73,0
893,221.81,259.14,410.33,1
894,244.65,60.28,301.17,0
895,350.26,80.4,23.88,0
896,298.04,300.72,256.25,1
897,427.99,144.25,335.51,1
898,311.1,382.55,399.5,1
899,78.58,467.76,141.02,0
900,140.8,137.12,117.83,0
901,236.22,268.32,150.49,0
902,36.04,61.97,157.84,0
903,367.04,232.65,112.9,0
904,427.45,37.28,114.1,0
905,228.88,12.47,51.6,0
906,370.49,357.66,216.61,1
907,373.77,22.68,147.55,0
908,200.51,389.28,197.82,0
909,482.47,296.31,390.25,1
910,47.2,448.56,84.77,0
911,403.4,297.69,55.16,0
912,203.35,464.81,458.53,1
913,363.13,313.91,224.0,1
914,283.32,265.3,229.3,0
915,219.69,290.82,460.05,1
916,431.13,365.03,327.63,1
917,120.54,205.7,459.43,0
918,451.87,457.98,66.91,1
919,293.89,280.61,76.05,0
920,150.91,495.8,339.82,1
921,61.41,21.61,461.35,0
922,96.54,154.36,396.08,0
923,342.97,14.61,196.89,0
924,386.14,363.85,211.11,1
925,344.0,190.49,91.31,0
926,296.05,247.91,449.97,1
927,95.73,272.5,485.36,1
928,198.5,398.09,468.84,1
929,148.71,154.86,28.21,0
930,210.28,417.09,197.27,1
931,109.68,338.63,451.04,1
932,357.46,138.62,44.21,0
933,321.84,136.6,106.81,0
934,300.76,218.63,46.5,0
935,486.54,333.27,469.64,1
936,434.96,26.07,163.82,0
937,267.37,21.13,125.03,0
938,110.13,438.22,176.83,0
939,251.85,426.2,356.05,1
940,146.65,28.83,379.54,0
941,26.61,131.82,480.25,0
942,16.78,260.23,319.88,0
943,152.83,300.99,136.54,0
944,69.71,379.57,495.58,1
945,393.5,374.98,388.27,1
946,355.74,152.57,319.19,1
947,157.48,177.54,442.65,0
948,477.63,300.49,254.77,1
949,103.97,198.28,139.14,0
950,454.81,246.78,309.91,1
951,188.07,112.95,49.14,0
952,97.55,477.39,33.08,0
953,480.36,474.22,262.25,1
954,93.32,185.52,407.29,0
955,412.84,227.81,109.64,0
956,50.99,413.31,404.74,1
957,392.09,165.46,345.16,1
958,68.22,404.63,399.99,1
959,46.47,106.12,237.55,0
960,243.38,255.31,96.91,0
961,161.71,134.57,245.28,0
962,76.92,371.47,187.92,0
963,474.29,406.14,183.51,1
964,47.09,217.89,132.53,0
965,470.27,118.83,397.09,1
966,143.63,346.0,288.16,0
967,415.17,313.78,309.6,1
968,259.08,369.7,228.57,1
969,238.78,108.27,184.84,0
970,290.53,44.17,311.39,0
971,455.25,52.49,337.22,1
972,96.79,54.8,486.82,0
973,397.2,188.27,398.06,1
974,289.15,233.14,104.81,0
975,370.51,10.4,51.17,0
976,490.7,256.16,226.63,1
977,190.43,424.37,41.01,0
978,297.25,327.07,22.76,0
979,163.27,418.26,232.66,1
980,129.03,487.81,77.39,0
981,187.23,226.26,246.05,0
982,229.97,53.81,273.31,0
983,159.33,112.96,291.62,0
984,176.29,76.41,487.36,0
985,285.24,324.43,194.62,1
986,55.54,166.79,101.69,0
987,376.85,378.04,210.94,1
988,397.05,317.43,75.63,0
989,392.41,319.78,397.06,1
990,113.51,20.53,288.3,0
991,390.43,463.53,368.5,1
992,122.51,212.91,226.63,0
993,332.05,155.5,483.62,1
994,392.01,330.68,131.96,1
995,231.88,342.71,333.57,1
996,333.93,39.48,109.4,0
997,13.21,306.58,12.07,0
998,470.46,161.96,386.31,1
999,390.8,185.99,189.4,0
1000,206.89,336.66,320.02,1
1001,478.75,338.31,388.74,1
1002,44.82,263.95,210.44,0
1003,490.59,61.57,319.06,1
1004,333.88,65.37,353.58,0
1005,51.45,382.68,396.0,1
1006,405.03,157.7,426.8,1
1007,364.58,120.35,367.41,1
1008,47.92,28.69,24.03,0
1009,135.62,464.82,144.32,0
1010,198.08,345.08,335.26,1
1011,357.05,490.17,303.62,1
1012,158.51,100.06,101.45,0
1013,491.59,175.2,289.22,1
1014,333.43,17.46,48.04,0
1015,492.82,436.6,486.58,1
1016,47.38,13.2,373.58,0
1017,498.46,86.29,332.53,1
1018,235.51,440.43,199.92,1
1019,105.3,314.33,478.55,1
1020,279.55,414.45,282.49,1
1021,300.9,254.34,50.91,0
1022,169.47,288.8,76.98,0
1023,321.47,163.33,431.21,1
1024,463.29,81.76,445.12,1
1025,378.86,221.7,478.18,1
1026,304.2,412.15,432.46,1
1027,141.47,156.4,408.23,0
1028,89.33,374.5,318.75,0
1029,406.03,311.56,270.48,1
1030,293.15,485.77,447.77,1
1031,107.47,337.16,251.02,0
1032,316.43,229.11,468.18,1
1033,24.09,237.12,38.71,0
1034,29.09,225.86,56.3,0
1035,213.34,146.61,130.56,0
1036,98.43,78.89,474.89,0
1037,348.04,85.58,451.26,1
1038,429.08,106.38,173.44,0
1039,410.46,365.78,179.39,1
1040,150.15,473.3,273.35,1
1041,416.88,142.09,461.88,1
1042,446.48,200.6,346.08,1
1043,471.04,79.86,378.17,1
1044,487.63,347.12,495.08,1
1045,238.35,48.37,215.68,0
1046,366.5,125.34,301.46,0
1047,96.39,269.83,48.84,0
1048,485.45,307.1,473.44,1
1049,431.77,440.47,163.95,1
1050,376.56,486.73,485.0,1
1051,492.68,105.78,50.15,0
1052,462.79,293.25,382.25,1
1053,459.39,26.31,231.65,0
1054,419.15,392.54,401.64,1
1055,260.29,158.86,445.61,1
1056,85.25,17.93,433.88,0
1057,376.9,315.9,397.0,1
1058,173.9,106.0,87.74,0
1059,491.84,357.82,254.12,1
1060,13.82,22.98,288.32,0
1061,78.45,19.79,369.57,0
1062,493.76,370.25,98.87,1
1063,96.83,195.54,115.91,0
1064,485.51,17.92,192.49,0
1065,478.65,108.87,287.32,1
1066,288.4,298.66,22.22,0
1067,97.16,424.65,254.04,0
1068,313.84,320.41,285.12,1
1069,296.56,253.55,389.13,1
1070,218.83,205.7,424.64,1
1071,127.69,157.06,153.02,0
1072,467.79,329.34,393.04,1
1073,295.13,254.72,165.65,0
1074,303.03,434.14,399.2,1
1075,279.81,130.27,362.37,0
1076,309.37,78.12,196.6,0
1077,284.27,231.47,253.86,0
1078,150.35,194.99,422.29,0
1079,146.7,177.26,24.82,0
1080,53.97,66.54,189.69,0
1081,160.61,300.39,362.18,1
1082,321.95,325.51,459.35,1
1083,319.31,47.09,111.03,0
1084,135.32,36.72,143.54,0
1085,16.73,312.23,106.57,0
1086,372.8,395.62,267.69,1
1087,138.37,342.94,426.41,1
1088,408.52,494.72,313.6,1
1089,96.83,67.08,96.39,0
1090,283.3,353.9,32.25,0
1091,162.88,262.37,398.37,1
1092,77.73,160.8,120.89,0
1093,156.51,47.97,290.33,0
1094,282.33,151.09,37.53,0
1095,206.99,158.72,459.36,1
1096,298.65,22.76,24.99,0
1097,295.05,267.41,251.1,1
1098,238.66,487.11,64.6,0
1099,46.75,475.06,337.11,1
1100,483.93,74.98,155.73,0
1101,171.73,488.71,436.39,1
1102,78.51,341.43,163.88,0
1103,22.66,136.63,79.34,0
1104,357.72,488.93,280.02,1
1105,135.01,203.41,211.83,0
1106,208.11,126.26,462.84,0
1107,395.87,348.75,366.1,1
1108,176.64,348.87,334.22,1
1109,367.36,493.1,33.88,1
1110,154.25,427.14,241.84,1
1111,417.46,35.82,370.4,1
1112,95.66,135.2,164.65,0
1113,327.83,33.84,311.53,0
1114,122.98,203.45,403.62,0
1115,281.58,41.29,479.52,1
1116,114.75,478.73,255.2,1
1117,314.67,17.84,316.62,0
1118,441.55,356.66,223.5,1
1119,28.81,225.58,167.28,0
1120,15.68,172.06,196.35,0
1121,311.04,482.55,144.07,1
1122,302.45,92.13,319.93,0
1123,473.36,58.44,140.01,0
1124,228.15,345.1,487.63,1
1125,360.52,485.98,314.23,1
1126,297.51,122.96,75.75,0
1127,470.79,32.85,205.8,0
1128,260.75,119.85,305.48,0
1129,76.3,92.73,277.5,0
1130,428.27,422.95,468.28,1
1131,349.81,268.77,238.44,1
1132,441.25,50.77,485.02,1
1133,483.64,327.97,152.35,1
1134,341.63,246.89,204.64,0
1135,177.08,74.75,337.42,0
1136,146.97,265.92,388.89,1
1137,230.87,333.84,25.53,0
1138,479.9,486.61,146.11,1
1139,329.78,398.45,295.28,1
1140,213.45,303.0,168.54,0
1141,313.43,327.73,247.67,1
1142,343.06,453.22,373.33,1
1143,78.89,429.98,96.33,0
1144,152.44,480.66,237.65,1
1145,77.11,55.04,28.54,0
1146,319.03,455.07,479.05,1
1147,120.44,328.22,14.74,0
1148,401.26,89.11,309.84,1
1149,255.7,13.07,181.3,0
1150,303.8,175.01,13.16,0
1151,489.73,112.44,85.6,0
1152,341.38,421.15,281.99,1
1153,147.6,380.14,40.79,0
1154,462.29,125.5,212.9,1
1155,159.37,154.99,323.68,0
1156,180.62,183.33,367.59,0
1157,176.16,41.47,254.84,0
1158,358.25,295.11,37.4,0
1159,195.83,354.0,273.21,1
1160,382.52,67.8,435.09,1
1161,172.75,39.8,423.93,0
1162,275.99,67.13,64.99,0
1163,479.42,168.46,139.56,0
1164,98.14,274.52,316.29,0
1165,182.05,215.93,379.1,0
1166,194.87,439.0,66.23,0
1167,39.67,180.59,440.23,0
1168,85.25,447.79,45.66,0
1169,302.64,377.13,305.38,1
1170,197.4,168.71,387.88,0
1171,106.15,242.83,15.43,0
1172,120.74,167.99,335.05,0
1173,373.71,497.02,303.73,1
1174,199.32,159.46,210.27,0
1175,299.69,13.36,395.42,0
1176,430.63,216.64,353.49,1
1177,98.62,411.68,432.92,1
1178,307.83,397.8,247.19,1
1179,410.43,360.98,140.49,1
1180,318.49,73.57,351.89,0
1181,23.23,249.67,274.03,0
1182,418.89,378.87,460.99,1
1183,258.71,318.19,158.05,0
1184,248.41,167.03,162.89,0
1185,130.29,424.46,392.29,1
1186,247.41,228.43,400.59,1
1187,95.24,297.96,298.78,0
1188,296.46,232.61,375.8,1
1189,274.49,357.73,138.61,0
1190,287.22,351.83,27.21,0
1191,86.2,467.3,275.65,1
1192,140.18,438.28,175.79,0
1193,327.68,66.52,152.13,0
1194,255.53,47.42,342.47,0
1195,426.63,349.51,237.37,1
1196,287.19,98.56,490.16,1
1197,442.86,297.15,137.49,1
1198,28.03,57.52,336.27,0
1199,442.62,297.04,433.55,1
1200,452.09,50.08,61.51,0
1201,372.18,363.83,133.34,1
1202,133.13,440.17,65.39,0
1203,476.88,214.34,450.08,1
1204,412.8,288.11,198.34,1
1205,17.46,71.41,445.51,0
1206,445.88,122.98,47.67,0
1207,347.52,394.05,424.46,1
1208,204.11,458.66,159.19,1
1209,50.61,477.69,355.62,1
1210,74.22,79.61,259.47,0
1211,472.08,219.82,202.52,1
1212,266.48,310.15,290.69,1
1213,46.86,456.78,333.03,1
1214,31.35,301.54,369.4,0
1215,213.93,407.03,333.08,1
1216,422.13,343.77,492.91,1
1217,95.89,150.27,220.64,0
1218,111.24,435.76,83.79,0
1219,317.97,315.4,470.7,1
1220,483.54,365.07,133.08,1
1221,305.7,495.65,337.35,1
1222,367.57,362.35,300.25,1
1223,53.24,355.81,330.53,0
1224,31.42,420.27,155.61,0
1225,304.95,462.46,343.23,1
1226,13.67,93.74,97.8,0
1227,306.54,459.14,494.12,1
1228,405.74,109.57,409.9,1
1229,36.1,178.88,327.98,0
1230,265.87,190.35,392.89,1
1231,408.07,43.8,371.37,1
1232,286.77,494.58,421.15,1
1233,458.01,276.89,118.14,1
1234,150.49,351.97,79.09,0
1235,289.83,104.55,207.08,0
1236,107.98,57.1,88.29,0
1237,113.84,498.4,306.77,1
1238,175.92,193.91,57.94,0
1239,59.93,138.81,112.86,0
1240,39.1,133.58,483.66,0
1241,135.99,258.64,380.72,0
1242,114.63,173.61,183.23,0
1243,205.75,111.73,177.07,0
1244,319.96,112.4,453.73,1
1245,375.57,207.84,62.39,0
1246,137.85,84.63,362.15,0
1247,150.88,133.39,187.89,0
1248,26.15,417.37,405.35,1
1249,383.75,271.53,412.87,1
1250,237.18,116.51,114.62,0
1251,94.27,188.4,180.08,0
1252,182.77,284.53,294.09,0
1253,165.66,363.91,85.53,0
1254,204.56,56.4,372.57,0
1255,16.18,211.5,111.02,0
1256,427.59,254.76,29.28,0
1257,161.4,466.55,255.52,1
1258,271.34,154.09,34.51,0
1259,460.53,74.1,314.57,1
1260,206.54,99.73,191.24,0
1261,392.74,136.76,347.83,1
1262,91.8,457.8,387.75,1
1263,257.77,270.52,39.7,0
1264,383.68,341.81,22.82,0
1265,25.03,465.46,233.4,0
1266,70.79,229.53,435.68,0
1267,23.12,314.37,255.13,0
1268,217.48,351.39,160.73,0
1269,458.53,390.72,58.05,1
1270,281.48,19.23,24.96,0
1271,235.65,148.25,259.98,0
1272,402.35,137.83,311.0,1
1273,497.8,154.84,308.56,1
1274,327.69,196.57,190.25,0
1275,378.37,115.96,100.33,0
1276,298.41,13.4,483.61,0
1277,368.16,485.89,175.53,1
1278,372.88,151.9,233.17,0
1279,120.02,352.04,146.35,0
1280,18.8,74.41,153.05,0
1281,393.82,82.41,304.83,0
1282,74.58,430.01,32.1,0
1283,326.12,256.48,163.73,0
1284,248.94,364.97,427.78,1
1285,407.56,114.23,364.08,1
1286,384.76,69.92,343.0,1
1287,100.79,251.84,128.14,0
1288,11.15,128.52,185.46,0
1289,83.24,31.38,377.68,0
1290,213.7,399.52,216.89,1
1291,54.98,206.64,244.23,0
1292,419.62,306.86,180.14,1
1293,367.22,353.47,425.55,1
1294,384.34,366.53,267.46,1
1295,234.65,29.41,445.69,0
1296,32.51,12.91,467.4,0
1297,375.04,56.64,303.64,0
1298,386.25,307.15,259.6,1
1299,374.03,264.01,136.32,0
1300,50.09,293.24,57.01,0
1301,441.81,437.26,237.96,1
1302,293.15,197.58,466.23,1
1303,470.66,254.4,405.42,1
1304,353.56,36.14,78.1,0
1305,46.27,311.43,46.48,0
1306,286.43,320.74,364.62,1
1307,408.69,50.67,409.56,1
1308,96.95,148.27,443.75,0
1309,61.88,206.13,404.22,0
1310,182.12,66.89,487.99,0
1311,248.74,350.41,118.01,0
1312,215.06,483.28,15.66,0
1313,273.11,458.25,140.4,1
1314,336.84,389.88,127.46,1
1315,259.07,353.34,426.05,1
1316,128.85,224.29,191.89,0
1317,319.69,178.15,332.56,1
1318,265.17,22.64,416.89,0
1319,451.32,444.84,78.91,1
1320,19.48,216.24,26.24,0
1321,138.27,64.09,452.3,0
1322,457.31,306.93,379.11,1
1323,244.81,298.15,98.37,0
1324,295.38,54.65,311.6,0
1325,108.72,368.44,369.48,1
1326,406.83,281.98,493.91,1
1327,334.78,288.01,110.06,0
1328,48.33,87.49,108.22,0
1329,408.92,142.08,73.96,0
1330,194.58,254.34,386.57,1
1331,491.16,122.86,179.36,0
1332,150.19,37.66,43.52,0
1333,269.09,278.41,188.16,0
1334,487.08,421.23,16.18,1
1335,231.19,184.99,398.0,1
1336,162.29,425.1,344.97,1
1337,291.88,450.81,408.39,1
1338,451.63,257.96,256.9,1
1339,83.39,300.17,461.02,1
1340,85.07,399.54,218.42,0
1341,228.92,447.86,452.82,1
1342,160.07,339.72,38.61,0
1343,68.79,55.72,120.01,0
1344,362.14,167.48,256.0,0
1345,358.97,421.98,185.41,1
1346,123.83,383.58,40.02,0
1347,260.04,290.21,270.06,1
1348,123.78,338.92,77.46,0
1349,100.29,221.43,144.44,0
1350,455.07,21.21,139.02,0
1351,167.94,308.36,119.27,0
1352,377.1,464.66,173.58,1
1353,380.52,158.32,403.87,1
1354,381.27,357.82,270.15,1
1355,366.16,354.7,483.72,1
1356,57.66,109.05,379.69,0
1357,400.48,79.29,208.07,0
1358,159.39,187.12,308.72,0
1359,286.35,137.81,302.64,0
1360,354.02,424.0,354.25,1
1361,165.82,161.37,471.51,1
1362,410.24,114.15,166.8,0
1363,66.6,227.92,481.21,0
1364,156.79,453.18,116.21,0
1365,290.67,107.7,30.83,0
1366,99.78,144.19,259.06,0
1367,478.01,415.39,17.42,1
1368,292.55,400.41,86.27,0
1369,340.59,181.65,179.77,0
1370,180.54,258.76,373.37,1
1371,426.65,306.09,265.81,1
1372,342.64,133.92,156.18,0
1373,236.38,356.07,359.45,1
1374,14.83,498.24,241.1,0
1375,336.34,62.28,127.2,0
1376,266.24,385.07,142.6,0
1377,287.69,204.01,65.94,0
1378,296.27,176.18,449.62,1
1379,157.54,451.13,39.53,0
1380,364.09,185.22,282.5,1
1381,362.45,148.61,253.95,0
1382,289.07,123.89,55.21,0
1383,30.55,303.52,404.38,0
1384,82.86,310.57,258.39,0
1385,497.89,144.3,280.19,1
1386,90.58,62.72,433.95,0
1387,486.62,436.91,36.63,1
1388,422.52,282.57,282.85,1
1389,58.73,443.31,329.46,1
1390,159.32,472.93,423.51,1
1391,433.74,471.55,452.74,1
1392,27.32,494.35,145.24,0
1393,485.96,138.95,315.55,1
1394,13.91,206.36,473.56,0
1395,19.81,306.32,306.97,0
1396,224.16,387.99,386.92,1
1397,62.21,347.18,172.72,0
1398,332.93,42.72,332.54,0
1399,252.39,436.68,345.86,1
1400,73.38,110.01,282.12,0
1401,93.65,390.55,404.25,1
1402,23.27,203.5,375.82,0
1403,39.07,15.55,70.06,0
1404,379.19,236.52,192.77,1
1405,293.25,359.14,430.82,1
1406,340.28,375.74,123.05,1
1407,342.59,431.1,116.97,1
1408,247.14,488.34,402.63,1
1409,175.61,328.93,308.67,1
1410,158.94,271.3,426.88,1
1411,19.02,74.92,240.05,0
1412,448.58,40.77,417.04,1
1413,419.71,211.54,380.19,1
1414,169.52,291.69,438.45,1
1415,471.66,269.34,431.29,1
1416,359.2,358.44,156.64,1
1417,226.41,475.16,494.16,1
1418,65.57,184.14,133.24,0
1419,453.47,347.49,376.45,1
1420,215.68,229.72,423.79,1
1421,67.49,266.11,418.26,0
1422,411.32,308.89,411.26,1
1423,106.95,397.09,96.28,0
1424,441.63,493.66,202.34,1
1425,175.04,329.01,315.78,1
1426,138.1,164.39,123.09,0
1427,401.7,499.78,61.85,1
1428,63.63,53.04,430.31,0
1429,296.54,158.28,57.84,0
1430,424.28,102.96,424.74,1
1431,351.17,280.06,254.57,1
1432,225.06,441.98,497.68,1
1433,256.59,153.89,10.7,0
1434,69.29,443.41,80.43,0
1435,359.27,325.65,465.54,1
1436,372.81,279.94,458.24,1
1437,197.71,207.84,307.36,0
1438,480.41,315.23,184.37,1
1439,121.83,242.76,371.43,0
1440,388.18,460.22,78.78,1
1441,25.58,175.52,412.74,0
1442,115.17,59.26,225.23,0
1443,444.89,60.49,269.33,0
1444,364.44,462.86,405.11,1
1445,410.54,445.96,417.37,1
1446,67.71,187.8,498.59,0
1447,349.15,69.25,294.12,0
1448,242.88,242.23,276.18,0
1449,400.19,146.8,153.94,0
1450,372.51,388.7,492.05,1
1451,38.31,152.9,51.84,0
1452,50.1,239.98,298.05,0
1453,373.51,448.3,398.59,1
1454,111.74,94.49,118.54,0
1455,226.61,496.76,481.37,1
1456,21.18,95.65,427.65,0
1457,361.11,164.88,382.63,1
1458,360.94,251.34,416.96,1
1459,442.57,445.21,217.34,1
1460,261.78,398.49,215.9,1
1461,177.69,230.26,188.15,0
1462,164.4,94.37,448.14,0
1463,449.0,484.39,321.99,1
1464,131.64,422.23,69.72,0
1465,41.81,28.06,293.21,0
1466,444.34,167.13,101.24,0
1467,147.31,137.78,437.41,0
1468,142.74,317.21,478.49,1
1469,289.36,61.17,234.52,0
1470,241.78,464.93,46.69,0
1471,103.95,483.18,191.71,0
1472,143.7,293.11,396.67,1
1473,59.85,253.87,342.46,0
1474,153.9,402.21,213.07,0
1475,324.53,310.72,394.36,1
1476,213.44,375.22,205.36,0
1477,361.61,148.61,331.13,1
1478,225.68,269.56,466.8,1
1479,121.79,437.77,305.67,1
1480,479.18,173.13,101.12,0
1481,339.23,18.14,119.89,0
1482,308.75,319.17,410.7,1
1483,19.61,249.71,83.71,0
1484,85.96,499.66,131.67,0
1485,15.65,316.59,45.9,0
1486,352.24,87.12,435.82,1
1487,236.6,385.48,453.21,1
1488,218.81,80.52,166.74,0
1489,450.9,235.01,72.88,0
1490,265.56,261.43,79.23,0
1491,352.78,48.01,368.14,0
1492,484.81,187.24,124.07,0
1493,466.52,182.36,174.92,1
1494,475.55,303.87,491.42,1
1495,447.87,179.39,42.28,0
1496,422.29,181.26,325.06,1
1497,175.31,53.24,415.69,0
1498,412.08,183.63,478.07,1
1499,270.95,120.84,150.93,0
1500,368.79,346.18,212.78,1
1501,191.46,280.17,94.57,0
1502,10.4,392.19,89.36,0
1503,132.29,295.07,230.49,0
1504,383.17,117.39,495.55,1
1505,110.05,34.13,46.54,0
1506,311.51,300.78,175.49,0
1507,349.83,496.57,446.31,1
1508,161.44,202.77,203.45,0
1509,172.05,171.6,58.44,0
1510,475.0,287.34,403.51,1
1511,399.56,480.49,197.13,1
1512,341.66,365.16,363.29,1
1513,308.81,84.61,487.83,1
1514,361.7,185.14,176.68,0
1515,379.59,465.21,197.13,1
1516,262.62,125.64,20.15,0
1517,281.86,96.78,134.87,0
1518,255.09,119.22,102.14,0
1519,382.45,75.06,27.95,0
1520,438.91,196.23,497.55,1
1521,454.51,22.54,142.86,0
1522,353.02,33.42,283.7,0
1523,461.95,395.75,136.9,1
1524,460.16,86.42,206.59,0
1525,222.01,445.41,253.89,1
1526,373.81,56.41,188.86,0
1527,374.7,348.82,453.12,1
1528,208.86,416.06,164.74,0
1529,372.67,30.93,222.91,0
1530,116.31,286.17,152.9,0
1531,468.85,29.85,453.16,1
1532,355.96,492.31,85.74,1
1533,210.84,107.41,36.29,0
1534,145.36,326.36,28.29,0
1535,329.53,220.06,32.64,0
1536,44.1,181.64,211.79,0
1537,462.67,420.01,486.59,1
1538,59.76,345.9,198.12,0
1539,355.25,41.2,95.61,0
1540,204.01,255.28,378.44,1
1541,273.22,391.87,480.16,1
1542,123.94,473.91,56.89,0
1543,96.94,50.63,393.26,0
1544,359.53,222.21,447.04,1
1545,343.71,442.7,176.1,1
1546,488.8,29.47,132.0,0
1547,101.97,295.77,349.97,0
1548,475.14,335.57,147.11,1
1549,212.08,235.36,80.19,0
1550,251.25,370.71,320.03,1
1551,427.43,317.14,280.06,1
1552,240.98,57.18,74.23,0
1553,485.78,323.45,483.5,1
1554,23.5,78.57,341.26,0
1555,182.04,254.98,188.11,0
1556,203.56,367.88,240.1,1
1557,132.29,183.51,201.51,0
1558,488.7,391.77,256.58,1
1559,231.49,260.05,353.65,1
1560,67.22,45.56,63.09,0
1561,245.57,296.47,455.18,1
1562,409.77,356.31,401.2,1
1563,207.32,279.08,394.34,1
1564,429.35,387.28,75.24,1
1565,210.91,136.37,144.21,0
1566,152.51,174.02,124.4,0
1567,86.78,118.18,16.94,0
1568,312.99,352.19,407.7,1
1569,114.29,422.8,295.69,1
1570,492.69,63.85,439.54,1
1571,318.54,470.02,79.51,1
1572,431.62,19.27,464.5,1
1573,267.47,458.9,306.08,1
1574,49.13,304.89,100.38,0
1575,281.2,18.29,451.42,0
1576,158.11,92.07,194.19,0
1577,445.69,330.69,179.52,1
1578,57.25,203.77,136.76,0
1579,68.66,322.65,265.13,0
1580,318.61,148.39,160.62,0
1581,29.32,41.97,397.16,0
1582,112.29,163.17,167.15,0
1583,224.47,154.35,235.34,0
1584,312.12,363.54,190.56,1
1585,384.86,317.87,197.67,1
1586,240.15,344.59,208.77,0
1587,274.47,372.49,87.6,0
1588,22.58,463.77,353.97,1
1589,92.28,116.3,274.06,0
1590,355.28,353.54,390.87,1
1591,455.54,479.45,62.99,1
1592,74.03,454.13,325.18,1
1593,340.39,342.98,419.85,1
1594,97.01,451.04,358.33,1
1595,52.14,206.72,234.25,0
1596,433.38,295.49,11.87,0
1597,65.36,279.64,85.55,0
1598,51.2,26.05,284.34,0
1599,197.94,187.67,377.89,0
1600,224.16,397.71,140.15,0
1601,175.64,351.32,467.84,1
1602,135.21,219.03,230.63,0
1603,38.7,117.09,168.44,0
1604,350.36,333.55,397.21,1
1605,294.75,284.75,369.07,1
1606,325.09,95.37,324.89,0
1607,36.29,450.04,455.93,1
1608,497.27,204.68,442.62,1
1609,431.51,430.73,146.03,1
1610,422.26,111.9,359.41,1
1611,249.36,165.17,172.56,0
1612,428.29,255.89,213.11,1
1613,38.97,21.2,119.51,0
1614,456.74,45.21,384.6,1
1615,440.14,382.14,384.32,1
1616,458.43,321.52,188.6,1
1617,64.79,83.31,320.32,0
1618,423.51,484.15,436.36,1
1619,327.08,471.42,31.5,1
1620,30.3,407.15,51.62,0
1621,73.8,366.55,232.98,0
1622,459.76,285.08,252.89,1
1623,324.97,228.33,334.34,1
1624,485.2,45.51,142.46,0
1625,304.66,258.11,361.01,1
1626,403.97,189.62,375.89,1
1627,211.71,429.37,425.38,1
1628,136.04,152.2,240.27,0
1629,314.34,101.72,81.72,0
1630,65.9,472.01,179.05,0
1631,90.19,454.3,475.55,1
1632,450.29,223.77,100.95,0
1633,370.57,439.38,449.8,1
1634,317.32,378.25,45.38,0
1635,231.65,40.53,99.16,0
1636,411.18,293.03,410.3,1
1637,329.18,389.43,67.09,0
1638,133.3,52.56,444.77,0
1639,135.66,363.47,108.98,0
1640,282.56,383.78,29.47,0
1641,341.57,468.72,159.43,1
1642,483.19,429.44,290.55,1
1643,349.6,275.86,25.25,0
1644,228.92,213.61,415.6,1
1645,347.47,453.14,279.16,1
1646,492.14,242.51,498.13,1
1647,288.29,129.45,393.3,1
1648,270.41,330.92,185.32,0
1649,214.96,212.23,416.69,1
1650,440.79,375.22,38.66,1
1651,345.06,402.89,216.37,1
1652,333.12,421.37,302.63,1
1653,154.68,404.54,121.79,0
1654,306.91,138.58,315.41,0
1655,489.43,351.81,134.72,1
1656,486.77,164.46,54.35,0
1657,442.37,16.39,67.98,0
1658,226.73,330.89,333.21,1
1659,374.85,335.87,314.37,1
1660,121.26,89.15,252.25,0
1661,251.65,416.85,32.37,0
1662,165.43,53.14,234.06,0
1663,91.07,11.01,127.66,0
1664,258.16,27.53,226.95,0
1665,123.37,40.84,277.13,0
1666,152.08,125.93,382.13,0
1667,372.84,79.7,307.99,0
1668,421.55,20.48,91.53,0
1669,224.47,148.12,298.98,0
1670,386.66,194.5,100.77,0
1671,381.46,110.92,81.5,0
1672,414.23,103.13,375.98,1
1673,236.36,379.24,294.9,1
1674,383.12,396.64,55.36,1
1675,31.81,428.08,76.31,0
1676,182.7,429.61,16.28,0
1677,183.96,86.62,355.59,0
1678,51.96,194.96,88.99,0
1679,323.64,157.3,470.3,1
1680,205.23,316.66,143.71,0
1681,481.14,217.48,217.37,1
1682,490.52,204.32,296.54,1
1683,66.05,475.43,247.89,0
1684,258.09,389.87,486.47,1
1685,329.61,91.17,176.05,0
1686,179.63,446.1,68.92,0
1687,219.82,176.24,464.95,1
1688,380.79,378.03,373.82,1
1689,474.27,398.74,447.4,1
1690,469.08,169.78,218.86,1
1691,116.76,161.38,379.28,0
1692,302.05,339.11,11.05,0
1693,83.83,120.81,238.15,0
1694,309.92,227.42,348.7,1
1695,87.23,478.66,420.67,1
1696,233.27,321.82,55.07,0
1697,134.85,392.22,281.84,1
1698,385.95,484.24,120.04,1
1699,38.76,84.36,75.34,0
1700,355.89,208.02,36.65,0
1701,261.97,489.76,29.58,0
1702,223.72,236.61,108.07,0
1703,471.63,144.21,222.62,1
1704,330.58,321.22,348.21,1
1705,138.92,228.04,41.79,0
1706,114.96,113.43,74.69,0
1707,251.64,239.58,325.45,1
1708,46.98,65.48,13.17,0
1709,174.57,423.65,235.89,1
1710,167.16,176.98,22.6,0
1711,12.05,125.12,143.52,0
1712,300.14,160.95,54.87,0
1713,154.55,87.74,172.47,0
1714,421.37,277.18,377.93,1
1715,256.59,117.28,297.39,0
1716,341.64,450.35,378.98,1
1717,387.3,435.25,62.29,1
1718,34.28,154.95,169.74,0
1719,409.38,291.15,220.53,1
1720,59.68,245.46,188.47,0
1721,228.3,163.55,158.32,0
1722,116.57,358.17,18.59,0
1723,144.44,359.45,433.12,1
1724,148.03,190.2,493.03,1
1725,178.48,340.86,267.33,0
1726,467.68,135.64,470.73,1
1727,282.2,198.57,408.93,1
1728,66.57,403.44,317.7,0
1729,494.58,329.98,52.29,1
1730,479.49,209.88,356.8,1
1731,160.73,84.21,368.07,0
1732,390.5,497.29,427.06,1
1733,462.85,158.26,473.54,1
1734,71.52,103.84,469.21,0
1735,364.38,371.34,81.23,1
1736,13.63,316.06,157.12,0
1737,380.65,435.48,325.29,1
1738,469.34,169.94,399.42,1
1739,334.57,468.74,495.75,1
1740,39.64,214.09,100.12,0
1741,112.97,123.12,12.29,0
1742,387.02,479.68,469.31,1
1743,355.68,215.81,58.38,0
1744,236.57,171.78,347.92,0
1745,79.35,409.03,92.91,0
1746,234.29,381.54,359.15,1
1747,498.57,434.64,171.1,1
1748,29.42,281.36,473.36,0
1749,379.6,188.25,371.03,1
1750,482.83,420.89,451.41,1
1751,420.84,219.08,491.01,1
1752,490.21,94.97,459.89,1
1753,461.79,100.1,193.81,0
1754,435.96,149.92,135.0,0
1755,488.97,206.99,450.01,1
1756,244.93,436.62,282.16,1
1757,470.39,451.03,402.75,1
1758,488.21,353.22,342.42,1
1759,256.04,100.31,467.54,1
1760,368.54,102.7,187.11,0
1761,166.38,70.61,259.38,0
1762,202.82,316.4,449.76,1
1763,463.59,325.21,292.36,1
1764,495.9,445.08,231.64,1
1765,466.7,74.22,221.48,0
1766,369.4,343.69,287.51,1
1767,361.53,177.5,54.13,0
1768,62.56,479.86,220.47,0
1769,144.69,100.34,89.14,0
1770,467.64,197.71,96.71,0
1771,466.74,483.52,392.79,1
1772,322.99,265.45,107.77,0
1773,341.81,325.43,205.58,1
1774,85.91,320.79,26.8,0
1775,31.87,47.62,206.64,0
1776,216.31,108.08,380.82,0
1777,21.59,41.24,364.56,0
1778,23.69,17.89,47.86,0
1779,393.98,240.02,332.79,1
1780,215.79,179.8,464.65,1
1781,163.41,26.32,426.34,0
1782,289.62,227.82,350.29,1
1783,314.02,79.71,10.73,0
1784,204.61,337.43,313.44,1
1785,28.04,213.57,20.29,0
1786,317.88,381.82,164.02,1
1787,127.36,171.26,373.0,0
1788,275.0,238.47,470.89,1
1789,198.49,390.05,233.57,1
1790,70.38,438.9,329.92,1
1791,202.0,41.31,211.74,0
1792,345.3,16.69,242.19,0
1793,199.12,73.18,259.3,0
1794,245.95,111.42,431.72,0
1795,251.14,359.49,184.43,0
1796,342.28,214.75,93.14,0
1797,83.15,401.23,252.43,0
1798,134.29,339.89,380.92,1
1799,295.16,73.43,130.29,0
1800,449.55,343.22,376.24,1
1801,398.79,475.46,469.41,1
1802,197.37,39.68,34.87,0
1803,155.61,443.15,439.72,1
1804,451.9,422.67,63.12,1
1805,50.75,424.09,233.31,0
1806,471.2,195.02,486.39,1
1807,35.97,98.08,39.07,0
1808,194.34,355.73,173.03,0
1809,259.59,389.02,145.87,0
1810,52.31,226.14,461.79,0
1811,432.83,15.58,456.1,1
1812,253.78,316.86,51.98,0
1813,320.84,270.95,322.69,1
1814,75.27,493.07,250.77,1
1815,95.68,460.21,495.65,1
1816,237.3,183.45,288.59,0
1817,30.24,304.71,388.68,0
1818,110.06,374.82,404.1,1
1819,260.53,87.86,359.25,0
1820,495.3,281.94,468.21,1
1821,211.26,352.01,336.04,1
1822,334.76,380.75,490.63,1
1823,145.95,382.69,74.77,0
1824,465.38,282.07,408.77,1
1825,470.17,233.68,282.18,1
1826,272.7,87.7,113.58,0
1827,160.06,50.66,353.37,0
1828,144.79,33.81,255.82,0
1829,169.12,53.65,262.14,0
1830,77.87,323.81,224.79,0
1831,269.0,48.24,99.1,0
1832,393.92,457.31,149.61,1
1833,30.06,222.46,26.91,0
1834,82.66,185.94,48.9,0
1835,314.69,331.68,238.99,1
1836,35.07,22.23,65.86,0
1837,135.36,125.6,242.0,0
1838,192.65,45.28,459.51,0
1839,209.74,175.39,178.58,0
1840,61.89,222.87,466.03,0
1841,342.98,454.58,189.42,1
1842,207.1,226.69,49.78,0
1843,242.31,189.12,213.06,0
1844,133.03,391.11,38.37,0
1845,77.53,87.32,275.17,0
1846,362.63,406.9,191.35,1
1847,495.46,157.9,402.48,1
1848,142.15,231.3,417.72,0
1849,415.33,484.64,26.47,1
1850,103.55,90.0,350.36,0
1851,256.97,456.47,432.33,1
1852,361.22,452.03,429.8,1
1853,108.61,393.84,199.15,0
1854,21.51,410.75,161.82,0
1855,389.92,49.94,466.49,1
1856,486.01,443.55,227.87,1
1857,285.08,254.85,129.57,0
1858,494.56,48.78,353.43,1
1859,378.15,457.66,244.46,1
1860,293.26,99.06,298.82,0
1861,467.86,76.06,467.56,1
1862,108.74,78.54,244.16,0
1863,391.14,111.59,446.12,1
1864,156.28,294.3,391.32,1
1865,459.93,223.7,486.0,1
1866,497.62,123.82,50.0,0
1867,312.87,71.99,15.45,0
1868,265.69,221.75,382.1,1
1869,355.36,279.63,371.63,1
1870,449.44,18.02,419.9,1
1871,440.37,87.48,89.72,0
1872,225.25,490.64,39.51,0
1873,402.7,346.41,51.62,1
1874,448.8,248.36,330.48,1
1875,145.92,273.15,499.19,1
1876,325.96,347.57,345.76,1
1877,251.56,395.57,137.32,0
1878,176.82,313.4,361.44,1
1879,89.83,289.27,365.68,0
1880,100.6,433.32,408.67,1
1881,247.77,357.39,326.55,1
1882,49.25,12.92,423.97,0
1883,124.59,153.16,209.67,0
1884,94.61,146.24,344.36,0
1885,334.1,188.41,476.23,1
1886,41.94,480.62,317.65,1
1887,174.72,16.06,161.57,0
1888,64.37,103.34,252.01,0
1889,380.51,363.51,55.33,1
1890,96.07,94.53,338.41,0
1891,262.13,454.27,272.61,1
1892,14.83,271.47,359.1,0
1893,435.53,30.99,306.85,0
1894,128.18,84.53,287.36,0
1895,76.98,240.17,393.05,0
1896,443.72,30.75,330.42,1
1897,389.78,351.75,90.62,1
1898,14.14,437.66,354.21,1
1899,234.4,341.8,158.92,0
1900,453.3,85.32,463.29,1
1901,229.88,434.94,151.71,1
1902,102.93,67.9,233.01,0
1903,427.15,226.57,221.9,1
1904,218.85,76.91,36.29,0
1905,144.45,10.63,432.01,0
1906,463.17,16.93,168.78,0
1907,261.45,39.13,181.27,0
1908,381.0,212.63,416.47,1
1909,477.31,412.75,434.61,1
1910,479.96,62.48,123.57,0
1911,147.64,89.28,66.24,0
1912,56.14,296.79,341.98,0
1913,485.77,117.62,197.55,1
1914,78.68,351.37,130.05,0
1915,325.68,440.98,343.67,1
1916,16.23,398.25,477.38,1
1917,287.3,477.37,24.51,0
1918,439.76,370.13,378.8,1
1919,135.32,309.61,147.13,0
1920,138.0,465.89,40.25,0
1921,419.97,168.61,390.34,1
1922,18.88,449.81,234.35,0
1923,372.01,346.72,139.62,1
1924,246.8,137.67,320.47,0
1925,96.35,234.33,326.49,0
1926,104.23,53.11,90.21,0
1927,138.07,342.66,376.2,1
1928,364.75,248.87,258.95,1
1929,53.03,59.43,120.71,0
1930,130.03,361.88,320.7,1
1931,104.95,334.1,449.7,1
1932,304.06,29.25,416.79,0
1933,382.82,423.11,112.81,1
1934,238.92,265.45,252.13,0
1935,324.72,95.62,113.3,0
1936,269.8,381.17,448.69,1
1937,61.72,221.29,413.32,0
1938,56.92,12.2,37.76,0
1939,192.51,385.21,105.0,0
1940,386.72,138.51,133.51,0
1941,44.86,277.3,327.64,0
1942,443.5,305.73,84.42,1
1943,115.48,472.64,475.36,1
1944,150.69,136.54,54.5,0
1945,243.93,277.45,28.75,0
1946,41.46,394.99,30.23,0
1947,226.85,337.2,427.92,1
1948,73.75,246.24,234.27,0
1949,194.16,49.2,460.55,0
1950,345.38,144.76,155.47,0
1951,394.45,383.23,170.16,1
1952,290.77,226.17,182.74,0
1953,202.74,299.76,292.26,0
1954,14.63,420.98,478.3,1
1955,378.26,416.58,367.74,1
1956,484.15,317.83,317.86,1
1957,150.46,431.23,346.57,1
1958,120.85,292.82,260.68,0
1959,442.2,121.62,329.37,1
1960,174.02,101.19,115.84,0
1961,316.0,174.29,226.6,0
1962,342.44,468.58,394.63,1
1963,79.72,203.49,46.49,0
1964,429.56,415.66,152.26,1
1965,269.25,194.98,270.48,0
1966,163.54,179.71,275.25,0
1967,347.39,424.43,180.52,1
1968,69.2,416.93,470.66,1
1969,431.88,115.84,122.41,0
1970,154.53,189.77,333.02,0
1971,401.03,84.83,39.78,0
1972,73.13,494.64,117.23,0
1973,438.9,448.56,271.14,1
1974,413.39,82.76,198.87,0
1975,438.85,182.89,429.88,1
1976,128.26,258.13,347.69,0
1977,119.89,199.72,201.25,0
1978,456.4,406.26,90.06,1
1979,251.48,411.81,202.36,1
1980,399.12,231.8,28.44,0
1981,11.62,387.29,497.22,1
1982,159.37,433.53,122.08,0
1983,237.65,58.06,73.58,0
1984,480.39,124.22,231.18,1
1985,366.44,238.44,90.71,0
1986,469.81,242.72,393.54,1
1987,102.6,481.89,78.4,0
1988,82.74,152.77,43.47,0
1989,44.72,192.97,453.86,0
1990,364.82,116.7,426.27,1
1991,220.18,183.03,111.15,0
1992,44.47,451.96,247.9,0
1993,422.53,58.82,25.82,0
1994,363.02,259.19,199.39,1
1995,384.14,170.1,378.11,1
1996,205.69,449.8,326.78,1
1997,98.58,407.43,336.65,1
1998,222.18,149.63,227.66,0
1999,389.79,446.25,223.38,1
2000,13.3,424.08,200.59,0
